{
    "students": [
        {
            "id": 101,
            "name": "Aisha Mwangi",
            "year": 2
        },
        {
            "id": 102,
            "name": "David Otieno",
            "year": 3
        },
        {
            "id": 103,
            "name": "Grace Njeri",
            "year": 1
        }
    ],
    "course_registrations": [
        101,
        102,
        103,
        101
    ],
    "payments": [
        {
            "student_id": 101,
            "amount": 5000.0,
            "timestamp": 1698000000.0
        },
        {
            "student_id": 102,
            "amount": 4500.0,
            "timestamp": 1698001000.0
        },
        {
            "student_id": 101,
            "amount": 3000.0,
            "timestamp": 1698002000.0
        }
    ],
    "books": [
        {
            "isbn": "978-0-123456-47-2",
            "title": "Intro to Algorithms",
            "copies": 2
        },
        {
            "isbn": "978-1-4028-9462-6",
            "title": "Data Structures in Python",
            "copies": 1
        }
    ],
    "scores": [
        {
            "student_id": 101,
            "subject": "Math",
            "score": 85
        },
        {
            "student_id": 101,
            "subject": "CS",
            "score": 90
        },
        {
            "student_id": 102,
            "subject": "Math",
            "score": 88
        },
        {
            "student_id": 103,
            "subject": "CS",
            "score": 75
        }
    ]
}